{
  "ABIRoot": {
    "kind": "Root",
    "name": "TopLevel",
    "printedName": "TopLevel",
    "children": [
      {
        "kind": "Import",
        "name": "Foundation",
        "printedName": "Foundation",
        "declKind": "Import",
        "moduleName": "FairyHideFramework",
        "declAttributes": [
          "RawDocComment"
        ]
      },
      {
        "kind": "TypeDecl",
        "name": "DummyUtil",
        "printedName": "DummyUtil",
        "children": [
          {
            "kind": "Function",
            "name": "printLog",
            "printedName": "printLog()",
            "children": [
              {
                "kind": "TypeNominal",
                "name": "Void",
                "printedName": "()"
              }
            ],
            "declKind": "Func",
            "usr": "s:18FairyHideFramework9DummyUtilC8printLogyyFZ",
            "mangledName": "$s18FairyHideFramework9DummyUtilC8printLogyyFZ",
            "moduleName": "FairyHideFramework",
            "static": true,
            "declAttributes": [
              "Final",
              "AccessControl"
            ],
            "funcSelfKind": "NonMutating"
          }
        ],
        "declKind": "Class",
        "usr": "s:18FairyHideFramework9DummyUtilC",
        "mangledName": "$s18FairyHideFramework9DummyUtilC",
        "moduleName": "FairyHideFramework",
        "declAttributes": [
          "AccessControl"
        ],
        "hasMissingDesignatedInitializers": true
      }
    ],
    "json_format_version": 8
  },
  "ConstValues": []
}